tree.num,q01.sim,q10.sim,pSpec.sim,lambda.sim,ntaxa
1,0.936737581854686,0.318548234412447,0.158730864524841,1.0072471681051,60
2,0.45570381032303,0.627721002791077,1.26778580155224,0.458145869895816,91
3,0.598596934229136,0.762318621389568,0.979024528991431,1.740794504527,66
4,0.877769175451249,0.744784529320896,1.22734494274482,1.48478067386895,13
5,0.848010709276423,0.573166608577594,0.083275749348104,0.947800734080374,18
6,0.35291841509752,0.505985638592392,0.11266778409481,1.17146107461303,44
7,0.635796241695061,0.854732346488163,0.559799575712532,1.52809476945549,95
8,0.919831396779045,0.644390935543925,1.67594350595027,1.94160687969998,43
9,0.921856782399118,0.273475828580558,0.452226025983691,0.529395038727671,27
10,0.768783923704177,0.65768307284452,0.78498620307073,0.79188827238977,49
11,0.252646811306477,0.27737638563849,0.64784947829321,0.934100275393575,11
12,0.564714150968939,0.981359272729605,0.879108206834644,0.61231774976477,82
13,0.91899229795672,0.0931820415426046,0.305102883838117,1.12941746413708,98
14,0.831069522770122,0.610078603960574,0.815135032404214,1.46089069452137,12
15,0.613326896447688,0.140485713956878,0.936082204803824,0.663570396602154,63
16,0.584945433074608,0.113993470789865,0.481665707193315,0.541889796499163,25
17,0.220800483366475,0.476104873232543,0.429757899604738,0.00679235113784671,96
18,0.352206542156637,0.756167393177748,0.766895898152143,1.95823315531015,54
19,0.834463638719171,0.190196065232158,0.832998827565461,1.14463699003682,35
20,0.794544485397637,0.548177622957155,0.538320537656546,1.61038270778954,86
21,0.324773361440748,0.948801931692287,0.659685178194195,1.14970418391749,27
22,0.853995663346723,0.613930591847748,1.04800218064338,0.378332071006298,87
23,0.940841605886817,0.338006063597277,1.83399157272652,1.31736204912886,94
24,0.613744279835373,0.65320172556676,0.383865026757121,1.34505739854649,66
25,0.0997370039112866,0.70143346930854,0.965225933119655,0.266297237481922,63
26,0.083732757717371,0.91454585432075,0.164398075081408,1.4699220652692,24
27,0.350390635197982,0.664736522361636,1.91009337129071,1.2321635610424,39
28,0.474801764590666,0.316003161948174,0.228661162313074,1.69106210023165,28
29,0.150618942920119,0.817877705907449,1.70257882261649,0.233413563575596,25
30,0.59542624047026,0.988658950664103,0.968424531631172,1.51580591220409,39
31,0.443731243023649,0.200821065343916,0.588744663633406,1.56256412575021,98
32,0.150442948099226,0.909099105279893,0.0441417642869055,1.60512754600495,97
33,0.434971306240186,0.106889625778422,1.47493031155318,0.188540922477841,50
34,0.382348485989496,0.468548068078235,0.720205950550735,1.3743364373222,22
35,0.104426739504561,0.489956158911809,1.05290244659409,1.05874340794981,66
36,0.794840677874163,0.272593974834308,0.761986492201686,1.01557752490044,55
37,0.242651841137558,0.479486858937889,0.166770048905164,0.650405339896679,93
38,0.465008017839864,0.403668510494754,1.8844928923063,1.92708216747269,50
39,0.297922577243298,0.287297992734239,1.4339959314093,1.56915819784626,17
40,0.150030042976141,0.815813000779599,1.57973958877847,0.952751513104886,46
41,0.851380868582055,0.224842136027291,0.50544569035992,1.26200453098863,17
42,0.00815775315277278,0.699553185375407,1.24856786010787,1.7237088107504,22
43,0.107717783423141,0.627553889295086,0.236738403793424,1.55863235751167,49
44,0.385766068706289,0.279780139448121,1.53350547607988,0.541317401919514,83
45,0.491775817936286,0.193501488305628,0.483524484094232,1.03017927752808,91
46,0.093868799507618,0.68051735451445,1.8648399906233,1.48978896532208,13
47,0.874471455346793,0.874617448542267,0.0648038838990033,1.49173816433176,60
48,0.399946090066805,0.481998561881483,1.88389907730743,1.16444757394493,61
49,0.534916868433356,0.967426710994914,1.74335930077359,0.943897444289178,68
50,0.683767325943336,0.852422903524712,1.85423724167049,1.80324755050242,92
51,0.00133881927467883,0.0858911569230258,0.591373778413981,1.69259907118976,44
52,0.479527297662571,0.975967280101031,0.881026375573128,0.641799322329462,24
53,0.633921351283789,0.249300565803424,1.67209606198594,1.85972634330392,18
54,0.0310429444070905,0.685279352357611,0.295054977759719,0.950480687431991,32
55,0.191400637384504,0.734117852523923,0.647111404687166,1.32538530090824,76
56,0.217769339680672,0.470503175165504,0.729221812915057,1.53964255936444,26
57,0.730322477640584,0.74922494054772,0.266169783659279,0.113830270245671,28
58,0.627854482270777,0.136769952019677,0.793187486473471,1.50511060701683,72
59,0.848566401284188,0.0394787243567407,1.19135716417804,0.78128508804366,22
60,0.801486770622432,0.557220284128562,1.41003208002076,1.51959116477519,22
61,0.840808868873864,0.536995745031163,1.77617687918246,0.143427277449518,94
62,0.830604751128703,0.419761297060177,1.53300612140447,1.02391779236495,65
63,0.648475967813283,0.825010564411059,0.306924249511212,1.79312730021775,83
64,0.750059490092099,0.154365037102252,0.760685748420656,1.09314851975068,60
65,0.0565464154351503,0.948861319571733,0.613358916249126,1.14019314432517,69
66,0.0232128011994064,0.976836173329502,0.218814633786678,1.61198050295934,81
67,0.983874394791201,0.705452166963369,0.782645416911691,0.225832200609148,28
68,0.710317176301032,0.633485155645758,0.0871114232577384,0.653133913874626,80
69,0.370964292204008,0.206874249037355,0.335514970123768,0.687182072084397,62
70,0.484271161258221,0.609594840323552,1.77282638475299,0.848835652694106,42
71,0.826017263811082,0.41516465973109,0.51017294684425,1.32393011637032,67
72,0.592059908201918,0.827513959258795,1.45802585687488,0.238372267223895,58
73,0.750531862489879,0.658222065772861,0.279991291463375,0.798017335589975,81
74,0.274526331573725,0.348391467006877,1.78937215311453,0.823748263996094,17
75,0.581308879889548,0.894326987443492,1.71024376712739,1.25574470078573,19
76,0.225420178147033,0.12605428067036,0.391387310810387,0.0783686023205519,25
77,0.654166256077588,0.284174418309703,1.82710193516687,1.97464463021606,87
78,0.438958142651245,0.225529831601307,1.27006800845265,0.747126827482134,45
79,0.9353972224053,0.184890066739172,1.97448653355241,1.30980861745775,26
80,0.88391925022006,0.23991476255469,0.788558233063668,1.17143542645499,11
81,0.937186116352677,0.486360149923712,1.40803407412022,0.0500045707449317,49
82,0.155410979874432,0.916262454120442,1.52800788963214,0.395794480107725,56
83,0.444896020693704,0.506929992698133,1.30874260002747,1.25549024762586,90
84,0.978761574951932,0.858805512543768,1.26441677473485,0.368383816909045,38
85,0.507942026248202,0.183048508362845,0.715217700693756,1.34100613137707,63
86,0.686162245459855,0.106547231553122,1.13444963563234,1.90855528274551,75
87,0.426811761688441,0.0403365285601467,1.39180582389235,0.85364994732663,93
88,0.921757665928453,0.513622211059555,0.369115747511387,1.59555935999379,60
89,0.910004232544452,0.826157049508765,1.5122061278671,0.443064043298364,87
90,0.601430788869038,0.941403246251866,1.02231343789026,1.52406478300691,60
91,0.439842070220038,0.173999179387465,0.767002489417791,0.0444356729276478,38
92,0.70385071914643,0.944805866107345,1.88722037663683,1.52193685108796,35
93,0.000571885146200657,0.369443903444335,1.02695536380634,1.51545550394803,97
94,0.381116777192801,0.101252985186875,1.95160029549152,0.899188349489123,72
95,0.772036320762709,0.0255046102683991,0.0683039831928909,1.66100396821275,16
96,0.781978062354028,0.541788291884586,0.86130831995979,1.43314022105187,14
97,0.297478143125772,0.678479304770008,0.54591024434194,1.72544579114765,40
98,0.216957901604474,0.108829631935805,1.90990843158215,1.28889645030722,79
99,0.63730868161656,0.519078394398093,0.945181014481932,0.939878899138421,28
100,0.980721590807661,0.654881966533139,0.162375989835709,0.738126351498067,60
101,0.0395610963460058,0.606416938593611,0.377065766137093,1.53863059263676,43
102,0.560265336418524,0.262362296227366,0.752208179328591,0.377680462319404,75
103,0.911896441364661,0.02184177050367,1.93237157072872,1.70612196717411,35
104,0.274448531214148,0.481095152441412,1.62658322323114,0.482555885333568,35
105,0.0212689638137817,0.433341254945844,0.890943571925163,1.07272621337324,48
106,0.968024730682373,0.072349612833932,1.19611159991473,1.0405343528837,49
107,0.390023021725938,0.372041621711105,1.48168192524463,1.30480157816783,87
108,0.870009523350745,0.136699353577569,0.431556961964816,1.20340606849641,30
109,0.348416856722906,0.647732736775652,1.79487465461716,1.25456834491342,93
110,0.164992107078433,0.664803557796404,0.422740499954671,0.913823285605758,60
111,0.467078088084236,0.528104321332648,0.531813750974834,0.744954046327621,76
112,0.0112459231168032,0.603744853753597,1.8282857532613,0.915257920976728,32
113,0.896843449678272,0.386850270908326,1.53515186021104,0.43950130045414,41
114,0.764308642596006,0.0987135567702353,0.949645259883255,0.451144540682435,34
115,0.241036226740107,0.340847895946354,1.15003158897161,0.0286289914511144,85
116,0.506844000192359,0.92778082145378,1.92539889691398,1.17063912143931,84
117,0.580701089464128,0.284382377518341,1.85276499390602,1.87786712963134,60
118,0.739719156641513,0.403703263262287,1.22066037217155,0.427907994482666,32
119,0.857401391724125,0.496542185777798,1.09460813179612,1.81653855461627,37
120,0.473444950999692,0.472761705284938,0.631346588023007,0.763037749100477,29
121,0.653420536546037,0.500048200134188,0.681737744249403,1.17304033366963,58
122,0.239744546590373,0.605239145224914,0.156118283979595,1.27551049273461,67
123,0.745498241158202,0.496926262741908,0.903765227645636,1.05655959341675,54
124,0.667297349078581,0.401846505701542,1.58352246135473,1.1761744110845,76
125,0.430165643105283,0.818232311634347,0.0525543582625687,0.760317702312022,90
126,0.774849097244442,0.709415364312008,1.34313220763579,0.480690760072321,49
127,0.171817078953609,0.955040223663673,1.62308059120551,1.93765666661784,35
128,0.90850280970335,0.365973882144317,0.144965673331171,1.84240646101534,50
129,0.721103428397328,0.951412789523602,0.586013897322118,0.129078634548932,68
130,0.972433461342007,0.393638774519786,0.419822699856013,0.708885862957686,37
131,0.13928697980009,0.387897391803563,0.551980250049382,1.78246023692191,62
132,0.641068978700787,0.0590559970587492,1.22120929369703,1.38125991495326,70
133,0.829577096737921,0.921698134858161,0.364937897305936,0.869359858799726,72
134,0.195722952950746,0.248371810186654,1.82404556823894,0.731424718629569,98
135,0.149749979143962,0.663292862707749,1.3687618682161,0.332524521742016,66
136,0.659700132906437,0.479289129143581,1.72085884818807,1.22306836815551,20
137,0.371593256248161,0.12576174037531,1.42014580173418,1.06106778839603,98
138,0.779817885253578,0.683469612617046,0.185797287151217,1.79654806246981,50
139,0.877096080686897,0.0137469440232962,0.6500090258196,1.68587994668633,32
140,0.226153967669234,0.44126355019398,1.10600370774046,0.511794097255915,34
141,0.795891730114818,0.078694014577195,1.34265190782025,1.53523513162509,16
142,0.528654227033257,0.583120885537937,0.484039464965463,0.196346192155033,11
143,0.107751016970724,0.631445495877415,0.637931750621647,0.472148688044399,12
144,0.570151777705178,0.661958013428375,0.278243187814951,0.325135914608836,59
145,0.00345345633104444,0.135480650700629,1.11293915752321,0.0772722219116986,95
146,0.115379334660247,0.136089692823589,1.75520248711109,1.95962489070371,80
147,0.667373152449727,0.600112918764353,0.437151595484465,0.53475121082738,61
148,0.288319492479786,0.735132813919336,1.38795837806538,1.59097934607416,64
149,0.695033272262663,0.423244269797578,1.67382028372958,0.310910277534276,24
150,0.569720976985991,0.566239945124835,0.91918578883633,0.198551194742322,18
151,0.399855328490958,0.949280002387241,0.834630757570267,1.20581180881709,90
152,0.523662498220801,0.675034543732181,1.10979681368917,1.58305526850745,85
153,0.219679000554606,0.222838312620297,1.18946418492123,1.97534887446091,60
154,0.166678121080622,0.974669977091253,0.596677559427917,1.81355428230017,67
155,0.64871032955125,0.935668798163533,1.04835911421105,0.982326798141003,31
156,0.191995084285736,0.231688637053594,0.386807303875685,1.99306345405057,68
157,0.517547074938193,0.475144761847332,0.862199394963682,0.265704812016338,38
158,0.377208779100329,0.587929701432586,1.5855277730152,1.34379450324923,93
159,0.2763372506015,0.316131608327851,0.973290896508843,0.241089039016515,71
160,0.0560035544913262,0.647134745726362,0.160950453020632,1.42665516631678,81
161,0.288320602616295,0.579055772628635,0.969737567938864,1.34242355450988,56
162,0.362583437701687,0.242113284766674,1.14112097350881,0.825208825524896,95
163,0.488645647885278,0.760666587157175,1.93799108080566,0.0529880621470511,26
164,0.505153298843652,0.52926061488688,0.363324560690671,0.21212497446686,36
165,0.0363887082785368,0.330516227055341,0.942340580746531,0.070336053147912,79
166,0.918003158876672,0.859390797326341,1.88560489797965,1.52555976202711,78
167,0.785011663101614,0.162387584103271,0.561940463725477,0.996900676749647,68
168,0.362984144128859,0.467514815041795,0.465416089631617,1.24385977303609,81
169,0.2840215342585,0.592616775538772,0.233052245806903,0.182091356720775,80
170,0.948079279856756,0.554975142003968,0.590685782954097,1.36748696910217,52
171,0.468410322908312,0.732132953824475,1.26909100124612,0.798124101012945,73
172,0.0616685408167541,0.715165908215567,1.92727224016562,1.03844224754721,20
173,0.0284642998594791,0.424702656455338,1.15346354385838,0.0710982936434448,70
174,0.217127626994625,0.994056817609817,0.119149278383702,1.23651158204302,67
175,0.473686539102346,0.492873228620738,1.79220223007724,0.424143604468554,64
176,0.221972214058042,0.817878095665947,1.77485341578722,1.00020706327632,51
177,0.43781947507523,0.93051889934577,1.53902796143666,1.61970800394192,34
178,0.746266872389242,0.478480105055496,1.92030829470605,0.0488689574413002,13
179,0.427877805428579,0.666285922750831,1.94884412735701,1.0817279079929,70
180,0.254195414017886,0.387715872144327,0.101614152081311,0.503725404851139,19
181,0.905423933174461,0.0331052476540208,1.59074117662385,0.378853880334646,21
182,0.234990576049313,0.771229636855423,0.142433324828744,0.482959508895874,100
183,0.518007587874308,0.232992856996134,1.95315880188718,0.0230409875512123,90
184,0.405894288094714,0.262081744382158,1.89029306778684,0.865482022054493,91
185,0.617026250110939,0.876622024457902,1.13919478608295,0.0482114334590733,65
186,0.00287038530223072,0.57295159669593,0.717393355909735,0.795709044672549,88
187,0.421378389932215,0.2544708349742,1.28773932531476,1.84680356597528,80
188,0.343763823388144,0.896917311474681,0.726102041080594,1.66382870450616,95
189,0.550706233363599,0.913425106089562,0.0806342787109315,0.00729927839711308,76
190,0.768263666657731,0.285783795872703,1.70306816836819,0.74506618315354,21
191,0.0259858232457191,0.497090284479782,0.405757515225559,1.25213327212259,30
192,0.688722510123625,0.667993602808565,1.83080672565848,1.71612719120458,61
193,0.20132879843004,0.89835193590261,1.48107193876058,0.837832066696137,85
194,0.139624480856583,0.0980466140899807,0.575697600841522,0.464419640600681,45
195,0.179336030501872,0.291692230151966,1.9557829014957,0.107812072616071,55
196,0.670796796446666,0.552098207408562,1.84790926799178,0.360389605164528,10
197,0.0303971227258444,0.285981474677101,0.201902569737285,1.26716830255464,49
198,0.678221216890961,0.105544436955824,0.758363486733288,0.405272021424025,54
199,0.687906038481742,0.80991199798882,1.19175608828664,0.473063652403653,32
200,0.937794961035252,0.259255373617634,0.794239772949368,0.862168826628476,36
201,0.333987597143278,0.990378081100062,1.83132590958849,0.716738138347864,32
202,0.0647470431867987,0.616232523694634,0.740847480483353,0.422181154135615,23
203,0.248739895643666,0.32860336243175,1.90882693650201,1.617446500808,40
204,0.644234732026234,0.576553847175092,1.84871093463153,0.622560657560825,36
205,0.875702040502802,0.0628185337409377,0.429122675210238,1.08029549475759,71
206,0.51878797239624,0.544773084344342,0.217469604220241,1.66469692299142,58
207,0.285013771615922,0.292039573891088,1.80569719523191,0.790222694631666,19
208,0.214827569434419,0.212892582872882,1.59846231155097,1.14562657056376,72
209,0.640205893898383,0.218393579358235,0.946075707208365,1.61362133082002,90
210,0.736512431176379,0.916800352744758,0.935821507126093,1.302689736709,77
211,0.195679734926671,0.221169996308163,0.552265118807554,0.416893888264894,12
212,0.584395686397329,0.942050939192995,0.629933067131788,0.0843327334150672,69
213,0.775269686710089,0.0401348702143878,0.555698455311358,0.0598440519534051,65
214,0.120055194012821,0.943549914984033,0.594463188201189,1.56723590195179,73
215,0.23833305737935,0.308073587482795,1.96481957891956,1.96933366451412,99
216,0.374302797019482,0.87386269448325,1.93600879283622,0.0859706760384142,24
217,0.802987597882748,0.652277336688712,0.578109399881214,1.46270735934377,83
218,0.172511218814179,0.171706180786714,0.126845221500844,1.97750598145649,31
219,0.0236138526815921,0.695747842313722,1.53038516826928,1.72638232074678,23
220,0.821513189235702,0.0418480075895786,0.930652240756899,1.78351376019418,69
221,0.804034391418099,0.125997283030301,1.21963576553389,1.47448239382356,48
222,0.533452805364504,0.509921307908371,0.0582254137843847,0.478250635322183,72
223,0.00948401587083936,0.878607557620853,0.531789607834071,1.07433903776109,67
224,0.867913403781131,0.954879362601787,0.405708861071616,0.408296700101346,60
225,0.519556929124519,0.842849804554135,1.69388533569872,1.0798885980621,98
226,0.12279666098766,0.733449791092426,0.244740959722549,0.0645515331998467,33
227,0.637792609166354,0.562876044539735,0.726767190266401,1.85315151419491,52
228,0.881673359079286,0.985009983414784,1.65440718038008,0.150823867879808,20
229,0.582994713913649,0.619765548966825,0.0869487668387592,1.91545262560248,68
230,0.637189300032333,0.493635274702683,1.57545026484877,0.234399472363293,66
231,0.556512353010476,0.902179589960724,0.714336874429137,1.70344531582668,52
232,0.922957533970475,0.0479018539190292,1.34613635996357,0.0849259975366294,17
233,0.417688999557868,0.731975779868662,0.153881105128676,1.27038976224139,61
234,0.216317324433476,0.693613480543718,1.31997062452137,0.325985485687852,96
235,0.0193925586063415,0.739575105253607,0.880434420425445,0.888763197232038,82
236,0.267304012319073,0.514335103565827,1.59386203531176,1.97783297812566,98
237,0.268900617258623,0.0865177644882351,0.873594098724425,1.84047625027597,70
238,0.686462291516364,0.754630339564756,0.449489859398454,0.435952194966376,30
239,0.860852138139307,0.0615735074970871,0.841138433665037,0.00453565083444118,87
240,0.441700969357044,0.309215583838522,1.27770830783993,0.340979946311563,87
241,0.788219615584239,0.420374950161204,1.26149357901886,1.56933427136391,89
242,0.977147764293477,0.060186458285898,1.21094150096178,0.831057448871434,57
243,0.00134512921795249,0.337493025697768,1.3179085534066,1.865566436667,20
244,0.921942121349275,0.00598817761056125,0.0555878872983158,1.54313392657787,40
245,0.949444251600653,0.491980633698404,0.100639050360769,0.197112843394279,48
246,0.103243748424575,0.245514768408611,0.0107126808725297,0.512933863792568,68
247,0.116461298894137,0.112490174360573,1.01769612543285,1.32325854105875,56
248,0.50276108738035,0.212496611755341,0.7170773553662,0.461619043722749,70
249,0.665981172816828,0.481034885859117,1.79419540055096,1.62869582697749,62
250,0.511353093199432,0.65288949967362,1.49909146362916,0.613664830569178,97
251,0.870937633095309,0.384685651864856,0.437068776693195,1.96697689592838,41
252,0.229496015701443,0.426370564848185,1.2868431401439,1.4568942990154,95
253,0.74562348681502,0.237900417065248,0.511975343804806,1.11027596285567,90
254,0.993980617728084,0.906479303957894,1.39739180495963,1.9194851773791,13
255,0.04795789020136,0.443213626975194,1.81340641574934,1.22103288536891,17
256,0.896575991995633,0.317841960815713,1.44811326591298,0.954867664724588,90
257,0.0908541779499501,0.986166520509869,1.09124749386683,0.454831315670162,13
258,0.775414906674996,0.334066518116742,0.250660409685224,1.43251265166327,68
259,0.856582755455747,0.933984123170376,1.81505628628656,1.68607869651169,93
260,0.764351081103086,0.61964544816874,0.306377973407507,1.97187876608223,64
261,0.470165986102074,0.822078418452293,1.69646423123777,0.0320956413634121,48
262,0.0401457767002285,0.0392622814979404,0.733195990789682,0.387024987954646,26
263,0.157047919463366,0.460166740464047,0.163436519447714,0.232031553983688,70
264,0.23076590616256,0.0832236499991268,1.91669765859842,0.21690717106685,14
265,0.547555109485984,0.296626432333142,1.12068035919219,0.105035400018096,64
266,0.878420626977459,0.397861424600706,1.3700446607545,1.99944829707965,59
267,0.229119239840657,0.343873170204461,1.91029885457829,1.17534914892167,28
268,0.550371566321701,0.765374727081507,0.751938502304256,1.22094114590436,96
269,0.975140609079972,0.115481319837272,0.298712027724832,0.165553672704846,19
270,0.646469767205417,0.9591134916991,1.54707953194156,1.23722003493458,42
271,0.540841106791049,0.720229846891016,0.439050300512463,0.930074401665479,39
272,0.0131223616190255,0.446672051679343,0.316875598393381,0.815110707189888,87
273,0.733944358536974,0.702224627137184,0.655730898492038,1.73475776379928,13
274,0.0423322501592338,0.435549162561074,1.46505892137066,1.8724282886833,76
275,0.920291814021766,0.0980822495184839,0.836260577663779,0.134849050547928,60
276,0.275590299395844,0.17701139417477,1.03622473590076,0.183555668219924,62
277,0.0253308871760964,0.992338301846758,1.39020675281063,0.376596722751856,91
278,0.189814210636541,0.125424996484071,0.279758737422526,0.473006763029844,88
279,0.140008081914857,0.51534395548515,0.250848158728331,0.0622555618174374,31
280,0.29106734902598,0.451434560585767,0.969657342415303,1.94813326047733,26
281,0.0189496977254748,0.248652559705079,0.121685403864831,0.349232645239681,97
282,0.905622164951637,0.446418579900637,0.135532477870584,1.12963614985347,62
283,0.221406632335857,0.816362486220896,0.844865281134844,0.969783891923726,54
284,0.0114014877472073,0.369679134339094,0.614065438974649,1.06584388948977,96
285,0.371836516540498,0.428919566096738,0.345734438393265,1.7373542455025,83
286,0.540400839643553,0.182331975316629,0.601408346556127,0.668720509856939,15
287,0.81059281877242,0.763556292979047,0.805664938874543,1.13023123471066,88
288,0.0677056948188692,0.28503786586225,0.999931744299829,1.94214199390262,75
289,0.394340073224157,0.264777005417272,1.23865119041875,0.848270012065768,21
290,0.565679401857778,0.781656011473387,1.84043370233849,0.941545400302857,67
291,0.186057711718604,0.476848374819383,0.68789905263111,0.0586633500643075,79
292,0.283317048801109,0.971056475769728,1.03565983008593,1.6488968138583,81
293,0.208836410893127,0.179957441287115,0.0227649444714189,0.646518828347325,54
294,0.268523030215874,0.293792723445222,0.418466992676258,0.96134726703167,95
295,0.893421324668452,0.930600362829864,0.877832600846887,0.013400380499661,31
296,0.568241718458012,0.537675644969568,1.80597933707759,1.07569639012218,28
297,0.0792691993992776,0.513693313347176,0.740418302826583,0.744209398981184,60
298,0.359316195826977,0.996450754581019,0.828642855864018,0.878033227287233,72
299,0.340741987340152,0.471094852313399,0.106783740688115,0.42140811868012,36
300,0.0285442129243165,0.369151228573173,0.635268127080053,1.29600643599406,58
301,0.302383021684363,0.342774373013526,0.28526786249131,0.346108353696764,68
302,0.927039237227291,0.439390070270747,0.686938762199134,0.847087456379086,57
303,0.639570102794096,0.501360250869766,1.95631746482104,0.0644580801017582,30
304,0.847752346657217,0.752952895825729,0.579085914418101,0.285999737214297,30
305,0.154895744286478,0.824491764418781,0.999249920248985,0.514449736103415,78
306,0.894620614359155,0.768344646785408,0.288071046117693,0.255438612308353,78
307,0.474705630447716,0.609866333426908,1.24503702716902,1.27954371785745,45
308,0.910169193986803,0.923644817899913,0.762429969850928,1.13442018907517,15
309,0.899683370022103,0.942224474390969,0.701078395824879,0.808009603060782,13
310,0.696486331056803,0.216062105726451,0.935730068478733,0.158790535759181,96
311,0.70591594115831,0.411895849276334,0.576396254356951,0.0876482329331338,98
312,0.496888782130554,0.703102292492986,1.53655652469024,0.0364880557172,52
313,0.472182452213019,0.905175488675013,0.632301947101951,0.752513601444662,23
314,0.853700968902558,0.706226346082985,0.623256628867239,0.384924540761858,94
315,0.0255965781398118,0.208536358550191,1.25994680030271,1.61046348884702,35
316,0.94867175584659,0.953977600904182,0.449536129366606,1.51201261626557,95
317,0.424572200281546,0.396297270199284,1.03850018978119,0.359329318627715,58
318,0.565994584234431,0.881923564709723,1.30086372280493,0.951348406728357,68
319,0.727061507292092,0.609511202666909,0.168401629664004,1.67604540474713,46
320,0.0045203291811049,0.765706532867625,0.847662257496268,0.805538845714182,95
321,0.413437375798821,0.666918891947716,0.767813991755247,1.97548048850149,87
322,0.0144296067301184,0.788970682537183,0.715425464790314,1.26743451552466,51
323,0.808420501416549,0.63570870552212,1.27223332459107,1.50261155189946,63
324,0.517817770596594,0.556097668129951,1.3415336846374,0.368265143129975,64
325,0.303386186482385,0.814690491650254,0.227488974574953,1.13548197224736,42
326,0.99812656478025,0.951894601108506,1.5489349309355,0.558215722441673,20
327,0.0979133432265371,0.786032922100276,1.3280902528204,1.14166918769479,60
328,0.558382627787068,0.307439664145932,0.443443009629846,1.8406703802757,72
329,0.371225107461214,0.404616015730426,0.683218633756042,1.5919433827512,64
330,0.853301191003993,0.26116171781905,1.7219564137049,0.481815879233181,42
331,0.42113139317371,0.18787335138768,1.13313114037737,0.35289388243109,19
332,0.989261817885563,0.297518870327622,0.699099837336689,1.81605816539377,51
333,0.733132477616891,0.459114301018417,0.380742409266531,0.256174139212817,47
334,0.0511378755327314,0.218816960928962,0.830426191911101,1.12813085922971,74
335,0.817971587413922,0.773303877795115,1.09695722348988,0.806730456184596,59
336,0.649128732038662,0.0694995454978198,1.03743354231119,1.9770958875306,89
337,0.766101220156997,0.949516335036606,1.07972269365564,1.50333542423323,23
338,0.589064699131995,0.139376746723428,1.42746728705242,1.09460974996909,46
339,0.838720326777548,0.39028841489926,0.174304991494864,0.8622105284594,27
340,0.229351521935314,0.821725311456248,1.9432155773975,1.77055607456714,23
341,0.290997816016898,0.563345934730023,0.37910909531638,1.31549529405311,76
342,0.699492748593912,0.140102955978364,1.70215835375711,0.697718493640423,91
343,0.983316653640941,0.218781384173781,1.86881345976144,1.21742578735575,32
344,0.829126918921247,0.371724163647741,1.92091899132356,0.977754960767925,94
345,0.848905469058082,0.832595121348277,1.91750737885013,1.2075035921298,70
346,0.652832380495965,0.778283879160881,0.841870426665992,0.444310895167291,80
347,0.449504180811346,0.0901935596484691,1.01727811759338,1.11006738338619,69
348,0.364223787095398,0.56894802604802,0.965193203650415,0.750104481820017,80
349,0.442426680820063,0.847239629598334,1.10440464084968,1.01888535218313,43
350,0.54321279283613,0.616433089366183,0.787781960330904,1.25858528865501,67
351,0.279381360393018,0.698740089777857,1.74129972420633,0.45394021878019,57
352,0.865643809083849,0.655513857956976,0.917049805633724,1.18911967799067,93
353,0.787546477979049,0.300629092380404,1.65279804496095,1.30715098464862,24
354,0.668257727753371,0.890337303746492,0.26426404947415,0.756896419916302,63
355,0.504505833145231,0.576178716961294,0.796331223100424,1.51176305674016,52
356,0.347767513478175,0.671805445104837,1.34495069971308,0.268655618652701,39
357,0.081034725299105,0.211759018711746,0.249873456079513,0.340114925522357,78
358,0.515579048078507,0.576462765224278,0.669945083558559,0.099859107285738,91
359,0.354542181128636,0.467526810010895,0.692105730529875,0.63288792129606,27
360,0.574743883451447,0.0398316052742302,0.280950650107116,0.912485016975552,36
361,0.135459579527378,0.394536285661161,0.216034935321659,0.396661520004272,17
362,0.0171975565608591,0.17130589671433,0.147417535074055,1.25272496649995,41
363,0.961543016601354,0.666695571737364,0.320529410615563,1.45368393789977,70
364,0.356653509428725,0.875494874780998,0.717076390050352,0.0774271283298731,84
365,0.901792903197929,0.0960567188449204,1.00377949653193,1.63665518024936,77
366,0.819128770148382,0.226833400782198,0.902313830330968,0.58761738287285,23
367,0.977146417135373,0.788719942560419,0.456520664039999,0.735294496174902,99
368,0.857806919841096,0.999592954060063,1.75104475393891,0.456707867328078,57
369,0.0848410825710744,0.922187246382236,0.738544914871454,1.89002420008183,85
370,0.0907748090103269,0.873391929082572,0.0756366010755301,1.29176118737087,17
371,0.283993634395301,0.624103305861354,0.527615135535598,0.563184207305312,48
372,0.430510080652311,0.47545493603684,1.39174299081787,1.31509516201913,30
373,0.392161196330562,0.151999866357073,0.410304254852235,1.77491272147745,84
374,0.393390921643004,0.637070023687556,0.952066473197192,1.86313712969422,72
375,0.953616924583912,0.148560404079035,1.5042733005248,0.619498684536666,52
376,0.269546762341633,0.865587128326297,0.863420692272484,1.21461581578478,25
377,0.955437910743058,0.134120804257691,0.607317761518061,1.29842871055007,94
378,0.622810557484627,0.744693398242816,0.758296212181449,1.69597284076735,29
379,0.928694959264249,0.396614897064865,1.34192989394069,0.960644666105509,97
380,0.066091685090214,0.396612988784909,0.870264494325966,0.414046890102327,63
381,0.930763304233551,0.036766008939594,1.2417525658384,0.668832794297487,16
382,0.205007885815576,0.0570865091867745,1.96298739174381,0.523911701980978,46
383,0.979567435570061,0.753368953708559,0.30495077278465,1.33560398360714,15
384,0.326983962673694,0.22058204934001,1.37724817963317,0.982256814371794,87
385,0.953478359151632,0.738829447887838,0.869920724537224,1.49812168581411,48
386,0.181634029140696,0.991391264600679,0.680030852090567,0.321906151250005,56
387,0.300131612922996,0.168168985052034,0.138620471581817,0.479078365489841,62
388,0.941057201474905,0.21468662424013,1.81783999828622,0.272555319592357,23
389,0.531964120455086,0.398412462091073,1.91955621400848,0.227047588676214,47
390,0.350434678141028,0.924182937247679,0.122874531894922,0.93887723935768,93
391,0.787806921638548,0.248511173995212,0.0895361886359751,0.044453373644501,81
392,0.12568787438795,0.455040826462209,0.627938042860478,1.65239433897659,26
393,0.0310913764405996,0.797147893812507,1.15894160512835,0.766890449915081,76
394,0.6827992585022,0.760634820209816,0.816613247152418,1.36374178249389,86
395,0.274923412362114,0.961401115870103,0.244063798338175,1.28022852214053,14
396,0.00851227436214685,0.722433792194352,1.70484609249979,0.0732842586003244,96
397,0.37901400309056,0.539686515927315,0.692246036138386,1.30253935884684,20
398,0.232314115623012,0.843965556938201,0.273894764948636,0.493585547432303,31
399,0.448830520967022,0.158242302015424,0.470747022889555,0.54773858236149,82
400,0.838239838602021,0.565976889105514,0.232425562571734,1.81010942067951,23
401,0.332561868941411,0.405399932758883,0.723256168421358,0.70931252790615,17
402,0.048004953423515,0.642261665081605,1.58898674417287,1.77021932508796,12
403,0.498443577438593,0.365668995538726,0.192294472362846,1.48390826256946,49
404,0.12788956053555,0.521463302196935,1.37722531566396,1.78002746822312,54
405,0.974566329270601,0.160037572262809,1.2978042899631,0.299941303674132,90
406,0.93326645437628,0.823523337719962,1.17450260324404,0.746727210935205,28
407,0.668426398653537,0.109182735206559,1.54960348689929,1.68832579813898,43
408,0.277464618673548,0.504822289105505,1.39022634923458,1.43108034320176,16
409,0.0640762206166983,0.555803469382226,1.76723326509818,1.07847158797085,82
410,0.864158316049725,0.0324754000175744,1.19744791323319,1.94230883335695,10
411,0.704900303855538,0.420665840152651,1.74388953158632,0.34749943530187,47
412,0.771510334219784,0.190919835818931,0.769093118607998,1.45684986794367,15
413,0.21390552748926,0.945084173930809,1.9570695636794,1.59629384428263,32
414,0.0275321796070784,0.412347217556089,0.781481160782278,0.452831101138145,65
415,0.279439460253343,0.0213165653403848,0.450830577407032,1.62184678856283,26
416,0.0916471674572676,0.177698886953294,1.89716823771596,0.711623224895447,44
417,0.426970437401906,0.156937317224219,0.708032805472612,0.526294888462871,76
418,0.0387607712764293,0.745893116109073,0.475900342222303,0.856188457924873,18
419,0.326060960767791,0.766125406138599,0.730038032867014,1.15891135204583,44
420,0.133338626008481,0.451273678801954,0.191202350892127,0.622819124255329,71
421,0.218261396279559,0.332742867991328,1.98223686823621,1.5039389366284,34
422,0.431124025490135,0.096638142131269,0.999615795910358,0.183992197271436,42
423,0.331404716474935,0.86522680032067,0.983572874683887,0.384453995618969,54
424,0.570767717668787,0.0678539720829576,1.70745909307152,0.310379264876246,25
425,0.444253820925951,0.975167071446776,1.52918433211744,1.87141285277903,24
426,0.776247310452163,0.217531661503017,0.931702814530581,0.0279019656591117,48
427,0.579671791987494,0.736678863642737,0.845985072199255,0.677959107793868,60
428,0.632354991743341,0.785537528106943,0.711846671067178,0.483776676468551,40
429,0.150980062084273,0.151758945081383,1.47002311889082,0.305982066784054,64
430,0.430078753270209,0.925720850471407,0.744164105970412,0.371966941747814,37
431,0.573765422217548,0.702664533397183,0.296422196552157,1.89360959129408,52
432,0.195450486848131,0.331443885806948,1.38493490079418,0.601220096461475,93
433,0.426904856693,0.925095940707251,0.676387410145253,1.29930097563192,30
434,0.265268095768988,0.487696406431496,0.624680222943425,1.5433448352851,39
435,0.646879525855184,0.563391095027328,0.696269833017141,0.624664610251784,59
436,0.786021266831085,0.6099058536347,0.503409361932427,0.206496969331056,50
437,0.509673107182607,0.958256723592058,0.717370310332626,1.64757814444602,42
438,0.0423296559602022,0.0216649335343391,0.0261153122410178,0.977443346288055,58
439,0.892599118174985,0.803581053158268,1.83316860254854,1.25154752470553,98
440,0.448672840837389,0.0751909967511892,0.634608124848455,0.143333693966269,87
441,0.436964926309884,0.146902828477323,1.19445879245177,0.396263911388814,28
442,0.820170986931771,0.796905431896448,0.140481668058783,0.307429862208664,92
443,0.71034700749442,0.505933265434578,0.464197018649429,0.864940925035626,82
444,0.889672659337521,0.752530637895688,0.299754146020859,0.227548183873296,41
445,0.309167918981984,0.771283647045493,1.93209553835914,0.892288539558649,91
446,0.819768252316862,0.0910395262762904,0.931327463127673,0.165472459979355,93
447,0.261757181724533,0.762350094970316,1.17654380341992,1.42524638073519,93
448,0.309246476273984,0.926041189348325,1.79975300701335,0.67156419204548,41
449,0.687725723721087,0.229537329636514,0.32643210189417,1.77566131949425,49
450,0.535835423273966,0.158278151182458,1.99554175604135,1.06330880057067,83
451,0.0598869705572724,0.210326547035947,1.97398503916338,1.63626554561779,58
452,0.511635647621006,0.0915397186763585,1.1795421782881,0.216983060818166,20
453,0.448651577346027,0.457810914376751,0.872890395577997,1.36906558135524,71
454,0.446168228983879,0.58763469546102,1.55322382086888,0.271961629856378,97
455,0.945957897230983,0.916048585670069,1.89533526357263,1.1924847336486,32
456,0.520414131693542,0.564676268259063,0.554739822633564,0.517823926638812,36
457,0.69006743025966,0.310770043404773,0.56212968705222,0.0416497304104269,15
458,0.0508145794738084,0.505848424974829,1.29147843690589,1.47939331829548,75
459,0.635921253589913,0.00956968776881695,1.08579031703994,1.65746757108718,39
460,0.42473674681969,0.606444674078375,1.47939393203706,1.8898314726539,21
461,0.795418300898746,0.207547989441082,0.967887153849006,0.65198105154559,45
462,0.143836166244,0.27619102364406,1.16454534698278,1.1354934447445,60
463,0.46105491858907,0.611134587787092,1.76535855140537,1.50373616861179,26
464,0.0574790383689106,0.769906198838726,0.720813032705337,0.667364828288555,82
465,0.604479455854744,0.363686661003157,1.66297981981188,0.0569041091948748,93
466,0.0395030782092363,0.748030499788001,0.735865060705692,0.645227494183928,61
467,0.522728975862265,0.968874943209812,0.0112003027461469,1.85628626402467,70
468,0.676652001682669,0.227171375881881,1.50465058395639,0.0433066920377314,74
469,0.529225314501673,0.277189714135602,1.25938344513997,0.444596295244992,34
470,0.982874346897006,0.440205302089453,0.936426796484739,1.8061036458239,74
471,0.705341393593699,0.807697410695255,1.94532293733209,1.03477162215859,97
472,0.135675182333216,0.864814777160063,1.66951185511425,0.234264102764428,36
473,0.951485373079777,0.509431512095034,0.96987327048555,1.93589306203648,86
474,0.914175354642794,0.76119737373665,1.39601281005889,1.03447395563126,51
475,0.174725377000868,0.732836812036112,0.974464434664696,0.176249685697258,11
476,0.0466392973903567,0.0970172518864274,0.64362425589934,0.331260825507343,55
477,0.764414650620893,0.93736760946922,1.0501878913492,1.42050205916166,32
478,0.557267903350294,0.0758392629213631,1.72001810604706,0.634566260501742,16
479,0.389463172759861,0.105456124758348,0.675767045002431,0.468495885375887,65
480,0.80569623131305,0.111491722753271,0.460563686210662,1.97222153143957,43
481,0.27624830417335,0.868352737044916,1.59037613961846,1.4038903657347,80
482,0.203085745451972,0.283154869219288,0.983335257973522,0.377352690324187,40
483,0.293644935591146,0.601438329787925,1.46777110127732,0.131657349411398,11
484,0.30123916384764,0.96620902675204,1.19165431754664,1.18676507333294,87
485,0.742930568521842,0.553189310710877,0.5469741653651,1.66178445098922,75
486,0.273723796475679,0.00528371566906571,0.244817562401295,0.237283806782216,96
487,0.0347280870191753,0.822397149167955,0.605396531522274,0.525510859210044,82
488,0.658450358081609,0.935382294701412,1.98608443001285,0.425420190673321,36
489,0.514462810242549,0.44077071826905,1.4144460586831,0.297239298000932,18
490,0.411024474306032,0.0592871385160834,0.62484582606703,1.69154281634837,50
491,0.719076295383275,0.210907289059833,0.507519384846091,0.144521798472852,52
492,0.513369123917073,0.086297086905688,0.320021944586188,1.29386816779152,92
493,0.251260412856936,0.751436517806724,0.0300646275281906,0.755905237514526,26
494,0.300667613046244,0.361908234655857,1.02227141615003,1.53098906297237,39
495,0.219892738154158,0.259463643655181,0.0357209253124893,1.56465264083818,34
496,0.479922141646966,0.553320085862651,0.506987336091697,1.76763233914971,74
497,0.928446709411219,0.303512594429776,0.517345274798572,1.32141770701855,38
498,0.273403318366036,0.510857078246772,1.5750147877261,1.91208298271522,41
499,0.221783187706023,0.267047926783562,0.133182770106941,0.432985440362245,52
500,0.657586355693638,0.958791255019605,0.927426503971219,1.62746950751171,89
501,0.681791323702782,0.0480192175600678,0.0206316388212144,1.73651237227023,66
502,0.747178296558559,0.803191495593637,1.67403334658593,1.75393070699647,96
503,0.827330436790362,0.654477995587513,0.127800264861435,0.866340435110033,62
504,0.716054483316839,0.723625612678006,0.133153173141181,0.10008907970041,28
505,0.865500902291387,0.244780675740913,1.43736547930166,0.696132403798401,43
506,0.765784964431077,0.830117783974856,0.7715810877271,0.485348212532699,74
507,0.829137093154714,0.768855411093682,0.218658656813204,0.733836143277586,58
508,0.239782649790868,0.224322088994086,0.113142935093492,1.62026798911393,36
509,0.18880824255757,0.767211762955412,1.74922638107091,0.882830259855837,34
510,0.144209307618439,0.906368520809337,1.64123612595722,0.0987514783628285,20
511,0.168370751431212,0.234582947799936,0.21279468620196,0.282298903912306,50
512,0.668341269250959,0.55769250402227,1.98253988288343,1.29750513425097,88
513,0.829017808195204,0.744762875838205,0.127952185459435,0.400632930453867,85
514,0.589444050565362,0.787612226558849,1.5950514767319,1.19525517011061,77
515,0.506925186375156,0.867858423152938,1.26451582787558,1.22490550857037,88
516,0.164814602583647,0.689779230160639,1.92933228472248,1.20423716492951,26
517,0.82562891417183,0.359453533310443,0.64906828571111,0.870266537647694,56
518,0.432198903989047,0.865226161899045,0.610989059321582,0.296177096664906,60
519,0.680458082817495,0.968120517674834,0.483111257664859,1.73404386453331,44
520,0.87556276214309,0.106689867563546,0.580765133257955,0.971980288624763,41
521,0.349845622200519,0.759495469741523,1.6816802653484,0.687572868540883,15
522,0.632310345070437,0.487300258362666,1.71949436375871,0.5738545646891,24
523,0.112965429201722,0.620843486394733,1.08607668615878,1.00788260810077,22
524,0.84732466400601,0.28367433953099,1.02160955965519,1.84463935811073,83
525,0.502021395601332,0.597608672687784,1.59587442362681,0.533516693394631,74
526,0.12378632533364,0.22958927671425,1.22661065403372,1.92702843993902,33
527,0.11600043438375,0.36493614828214,0.496778378263116,0.597046940587461,92
528,0.229352520080283,0.767070637317374,1.74257272062823,0.702285927720368,91
529,0.59298017132096,0.342307033017278,1.81241534976289,1.67944325646386,94
530,0.954127796227112,0.249352629296482,0.151116596534848,0.949360995553434,34
531,0.491024399641901,0.0704431554768234,0.135805583558977,1.75416598469019,40
532,0.294935961486772,0.541360204573721,1.96591275092214,1.62702664546669,45
533,0.998709718696773,0.741611941251904,1.54967374447733,0.225514899473637,60
534,0.869246603688225,0.491764303296804,1.40566616691649,1.20911777671427,29
535,0.956487901275977,0.638335695955902,1.53653838485479,1.68492574291304,79
536,0.834406966343522,0.465820516226813,0.764634899795055,1.61999352835119,73
537,0.21145862643607,0.649299398763105,1.51671657571569,1.50696064066142,14
538,0.924075217684731,0.67473477544263,0.470380594953895,0.273442761972547,32
539,0.148459000280127,0.498105313628912,0.815651899203658,0.778748657088727,80
540,0.527467662468553,0.955980801722035,0.36465547978878,0.750993332825601,75
541,0.325709690805525,0.76557585131377,1.88861446455121,1.14161567715928,36
542,0.779573206556961,0.788184119621292,1.03668513894081,0.717475248966366,82
543,0.337514892918989,0.747653595404699,0.449808714911342,1.03063620487228,84
544,0.261578041128814,0.893968385178596,0.418599708005786,1.28941532270983,14
545,0.227091402513906,0.564436393091455,0.552177673671395,0.441221421584487,78
546,0.373476894339547,0.813754495233297,0.00952822947874665,0.384224748238921,83
547,0.238393646897748,0.210523230256513,1.96291814371943,0.145472188480198,94
548,0.260160473175347,0.265684730838984,1.31508721364662,1.07880735164508,11
549,0.562249614857137,0.264470745110884,1.94271593308076,1.16276575438678,91
550,0.739382932661101,0.865198820596561,0.075829416513443,1.28977563092485,25
551,0.05559216090478,0.281195733230561,1.31104791723192,0.858352493494749,96
552,0.665250607766211,0.711857841350138,1.80873341020197,1.60594507213682,22
553,0.791292970301583,0.359419176355004,0.0976908057928085,0.54670587554574,64
554,0.691758567001671,0.28056029858999,1.53837387124076,1.52534415526316,22
555,0.515528803458437,0.751874204026535,1.28990714531392,1.8231723094359,44
556,0.393205969128758,0.350815681973472,1.82142504071817,1.88329523615539,53
557,0.640194544335827,0.232850126223639,0.054907247889787,0.851450394373387,99
558,0.900136745767668,0.881445239298046,0.934891456738114,1.76582265086472,63
559,0.719892213819548,0.312481823842973,1.82729485910386,1.20277197752148,67
560,0.451022892724723,0.624014384346083,1.81411450356245,1.55187175422907,10
561,0.0405028455425054,0.399438351625577,1.99172698147595,0.503666304983199,80
562,0.270913028391078,0.996925650630146,0.347031234763563,1.49006713414565,33
563,0.459625025512651,0.684836033498868,0.765729362610728,1.96837860206142,95
564,0.48449756228365,0.721470875898376,1.42180148186162,0.245728170499206,73
565,0.0262257512658834,0.80347754759714,1.08717052266002,1.9270843481645,72
566,0.865798885002732,0.0480610493104905,1.1967139095068,0.107405491173267,94
567,0.507373390952125,0.76112278108485,0.0451131267473102,0.890673369634897,80
568,0.412590182386339,0.00723570375703275,1.14578230073676,1.5489349802956,39
569,0.726574398111552,0.277049009921029,0.499254962895066,1.711968251504,36
570,0.689939179690555,0.459808974992484,1.06117125460878,1.90109310625121,43
571,0.846654280321673,0.533779613440856,1.79785378975794,1.21104635018855,17
572,0.478432359872386,0.848620743956417,1.60398359550163,0.193845650646836,78
573,0.0892089337576181,0.646193904336542,0.324068337213248,0.233535180799663,58
574,0.387567184166983,0.756311315810308,0.33862656308338,1.99969508172944,13
575,0.398136851610616,0.137355536222458,1.59315689653158,1.91287424741313,93
576,0.972504353150725,0.10238999594003,0.0455246404744685,1.57809321722016,33
577,0.327336627058685,0.805869722273201,0.892632271163166,1.36776267830282,36
578,0.0880710997153074,0.43905507447198,0.49732314934954,0.113025091588497,67
579,0.116787167266011,0.805971076246351,0.775690167210996,1.16322480840608,47
580,0.749410022748634,0.944677539402619,0.516008742153645,0.552851701155305,24
581,0.957531826337799,0.775805271463469,0.828883772715926,0.0620230552740395,68
582,0.523015448125079,0.647248417371884,0.465368303004652,1.33557949634269,46
583,0.0782174405176193,0.462615778902546,1.71998032880947,1.46691813878715,23
584,0.599348939722404,0.286937531782314,0.512479568365961,1.15520899510011,76
585,0.510380719788373,0.388740383321419,1.17482978757471,0.594951709732413,95
586,0.833551116520539,0.0857453495264053,0.702573868446052,1.69697513105348,97
587,0.895741346525028,0.607857004273683,0.293826834764332,0.818767688702792,63
588,0.717159814434126,0.497665039496496,0.0403363108634949,1.90987771097571,34
589,0.859262698562816,0.272477313876152,1.91028621839359,0.356634597294033,67
590,0.674716759938747,0.286935231881216,0.688037732150406,1.75096435984597,43
591,0.814112222054973,0.0741130006499588,1.69265478337184,1.15030382201076,98
592,0.247113453224301,0.222663761815056,0.967144715599716,1.39840588811785,68
593,0.48131516482681,0.927488517714664,0.891498672310263,0.660519652999938,39
594,0.17021411866881,0.0562248430214822,0.49369756039232,1.72030358295888,46
595,0.664510168833658,0.327059148345143,1.71674173697829,0.750185149721801,34
596,0.668288923567161,0.958191552432254,1.16264179768041,0.924611923284829,35
597,0.582191730849445,0.364721991820261,0.426278050523251,1.75011667981744,64
598,0.438654984114692,0.632980023976415,1.77601145673543,0.931226672139019,20
599,0.578235855791718,0.63840643176809,1.1668140697293,1.53782558999956,51
600,0.0478482835460454,0.0521229046862572,1.8009864971973,0.529223336372524,64
601,0.874041031580418,0.673558504320681,1.70674673235044,1.62572620529681,52
602,0.714873200748116,0.261768397409469,1.39513354003429,0.0168697154149413,65
603,0.140634621493518,0.938032198697329,0.0486448924057186,1.84612803161144,17
604,0.289255956187844,0.637590434635058,0.769064277410507,1.27439444558695,49
605,0.807857479900122,0.383867532014847,1.34581524459645,1.04488132009283,66
606,0.315216392045841,0.880623538279906,1.46154575236142,0.17564317304641,60
607,0.399009179091081,0.503544315462932,0.326124170795083,0.867202793713659,97
608,0.793680252507329,0.414616263704374,0.804191312752664,1.236174271442,41
609,0.583082903642207,0.0536984989885241,0.0692757302895188,1.55075547704473,97
610,0.856237595435232,0.166020696982741,0.948724242858589,0.361330968793482,23
611,0.947617866331711,0.0861279068049043,0.168946928344667,1.60611672047526,58
612,0.816543419612572,0.940109266433865,1.65460073249415,0.11584899853915,49
613,0.255941029405221,0.293979870621115,0.704977886285633,1.64688226161525,72
614,0.336405316600576,0.58010979089886,0.557515125256032,1.45461807586253,40
615,0.855169882299379,0.152183629805222,0.569250667933375,0.920475436840206,41
616,0.672343258745968,0.440601197769865,0.140311550348997,0.843134640716016,91
617,0.0359497382305562,0.0019088655244559,1.98221819195896,0.522561140358448,88
618,0.208236083155498,0.10919989971444,0.0986025352030993,0.932676226831973,95
619,0.924316901480779,0.0639658553991467,1.67521042888984,1.64875439554453,56
620,0.688485284801573,0.616516263922676,0.14806890534237,1.63962615886703,34
621,0.36109827994369,0.181685333140194,1.68792470078915,0.317807272542268,39
622,0.901546972570941,0.287552373483777,1.27686318056658,0.842711481265724,46
623,0.00462821591645479,0.726003190735355,0.0366793256253004,0.869518653489649,17
624,0.113137088483199,0.867571350187063,0.16931794770062,1.37083469424397,86
625,0.444238771684468,0.545657420065254,1.12827882450074,1.06980872852728,20
626,0.0491133709438145,0.791503962595016,1.63447752548382,0.956077675800771,39
627,0.418271164409816,0.0972054561134428,0.580379025544971,1.39499057317153,67
628,0.434927589027211,0.793022328754887,1.84358718758449,0.282812804915011,59
629,0.240073978900909,0.248952584108338,1.41594881238416,1.11799051845446,76
630,0.235413197195157,0.660006905440241,1.69546534912661,0.103026388213038,82
631,0.0689441342838109,0.993273874977604,1.68329764856026,0.590852907393128,37
632,0.928917833603919,0.152336501749232,0.441108671482652,1.16953482991084,19
633,0.201948455302045,0.354455413063988,1.03350724792108,0.228972092270851,48
634,0.920359178911895,0.521449914900586,0.382162051741034,0.442212683614343,21
635,0.834287407808006,0.0334913088008761,0.596483354922384,0.756114416290075,95
636,0.919447024585679,0.394222056493163,0.0136428358964622,1.67535964772105,49
637,0.532323617255315,0.520323089091107,0.19080257974565,1.71340741589665,95
638,0.23124996945262,0.263898241799325,0.276754423044622,1.70187619561329,24
639,0.291349322535098,0.754146027844399,1.51011257478967,1.43101725401357,11
640,0.143756200559437,0.369371508713812,0.225373368244618,1.81261709006503,51
641,0.165832228492945,0.796832153806463,1.67001154040918,0.387092106975615,99
642,0.739979354431853,0.900843025650829,1.97314101131633,1.79789060959592,26
643,0.566092903492972,0.0509075955487788,1.17308791913092,0.637940141838044,41
644,0.842174662975594,0.193855392280966,1.09865841642022,0.651485351379961,12
645,0.333859203848988,0.415454162517563,1.60332869691774,0.0154236811213195,80
646,0.464186353376135,0.538305258611217,1.22369587002322,1.75585660804063,96
647,0.574860357213765,0.0682367903646082,0.394447166938335,0.103999035898596,16
648,0.713232642970979,0.0378587255254388,1.27370642777532,1.77689988771453,62
649,0.940403294283897,0.158952734898776,0.705927857663482,0.542755505535752,75
650,0.930861783446744,0.871300693135709,1.07067447155714,0.512658359948546,94
651,0.645937383174896,0.766989262076095,1.25305497506633,1.50135178398341,16
652,0.599116548197344,0.274955984670669,0.894546056166291,1.1954366536811,69
653,0.576564943883568,0.642549283336848,0.667026185896248,0.187462561298162,32
654,0.436893505277112,0.85074774408713,1.27319594565779,1.46078488323838,41
655,0.65037024510093,0.491906695999205,1.17510744789615,1.96551391296089,91
656,0.129187573911622,0.319744606269524,1.2023823573254,1.65234771417454,84
657,0.367199779953808,0.935839823679999,1.58965644612908,0.445059796329588,57
658,0.260071207769215,0.435063186334446,0.0891175093129277,0.888261602725834,87
659,0.0736370694357902,0.529955996433273,1.27949572447687,1.05008760420606,51
660,0.824156328104436,0.364071564981714,0.980128413531929,0.611902006436139,81
661,0.427899682661518,0.548919106833637,1.61096167983487,0.67514905706048,31
662,0.569558106828481,0.622887823265046,1.90902969567105,0.254659505560994,96
663,0.646194037748501,0.0583435690496117,1.75170446094126,0.87736632488668,23
664,0.0797001053579152,0.663443109486252,0.722248381003737,1.9469659733586,88
665,0.385066711110994,0.0594671352300793,1.20534110115841,1.33914396958426,49
666,0.255235044518486,0.137538745999336,0.148440473712981,0.299830089788884,84
667,0.41828980227001,0.775413879891858,1.22758059343323,1.4657354997471,87
668,0.786702389130369,0.564746134914458,0.721318263560534,1.66816651215777,66
669,0.685045820660889,0.659434076631442,0.140565565787256,1.14689650433138,76
670,0.144616878824309,0.328162332065403,1.03194317035377,1.30524638015777,18
671,0.356825005728751,0.63884463137947,1.5313327438198,1.92826342908666,27
672,0.776994242565706,0.777054129168391,0.609525532461703,1.30518108978868,26
673,0.814353019930422,0.359896482434124,1.34947799704969,1.04260960035026,44
674,0.336576885078102,0.644399643177167,0.0392529647797346,0.853489871136844,93
675,0.482078204164281,0.878738619852811,1.10405961470678,0.860529038123786,57
676,0.286907921079546,0.590287767350674,1.93897425942123,1.53586528543383,28
677,0.23882749886252,0.189954490400851,0.821454874705523,0.855001257266849,54
678,0.21352007589303,0.642241334076971,1.14360030181706,0.0510476091876626,43
679,0.765202467795461,0.787600706331432,1.89564743544906,0.745374428573996,27
680,0.47519590659067,0.568664110265672,0.545391198713332,0.0925446883775294,35
681,0.117925598751754,0.410522329155356,0.915680970530957,1.41149141872302,14
682,0.830936362268403,0.709780495846644,1.54597968235612,1.6246539670974,19
683,0.632238272111863,0.831333991605788,0.895298891700804,0.925687729846686,45
684,0.732645703945309,0.172634029760957,1.64982098387554,0.533161312807351,50
685,0.377921342616901,0.140797393629327,1.49167606700212,1.44665913423523,17
686,0.383192240726203,0.908080527326092,0.468549301847816,0.570014772936702,68
687,0.593862473964691,0.854429651517421,1.08074202015996,1.67682501347736,67
688,0.681147585157305,0.838258721167222,0.197777458000928,0.603312667924911,94
689,0.448871940374374,0.931245711632073,1.01657897187397,0.849361342843622,99
690,0.119347213534638,0.232481623766944,0.409494485706091,1.5174364647828,53
691,0.34844742459245,0.354296600911766,0.322690377011895,1.61297985725105,54
692,0.570565049536526,0.266271308530122,1.46212026197463,1.28852728754282,60
693,0.545519697479904,0.689289892092347,1.88411010382697,0.0220117340795696,36
694,0.493000961840153,0.899800000712276,0.595619339961559,1.60334022482857,45
695,0.264400669839233,0.487468886654824,1.36423791525885,0.325431114993989,68
696,0.1340112676844,0.579528101719916,0.0958067127503455,0.427198954857886,42
697,0.385312169324607,0.728953876998276,0.807773001492023,1.2458361890167,66
698,0.638560448074713,0.125992154236883,0.802675449755043,1.18079796666279,23
699,0.390450505772606,0.116799816954881,0.636834093835205,0.515357769560069,58
700,0.45792601397261,0.896474917186424,0.969926224090159,1.41647912934422,17
701,0.702054727356881,0.567090708762407,1.65077579487115,1.94707740982994,64
702,0.919495831010863,0.440625756978989,0.974376647267491,0.0531529951840639,47
703,0.689526773290709,0.219974935986102,0.880639350507408,1.5067288489081,48
704,0.531353330239654,0.868992153089494,0.678579191211611,0.45742359617725,12
705,0.515724533237517,0.583241709508002,1.76931316405535,1.87418322637677,93
706,0.634771238546818,0.498892842559144,1.05521731404588,0.426844222005457,48
707,0.63450700044632,0.0577035890892148,0.933220827952027,0.898966711945832,89
708,0.101999078411609,0.0581037679221481,0.891066418029368,1.63441354455426,52
709,0.524506235960871,0.219510281691328,0.364549497142434,1.40287941507995,53
710,0.86309007415548,0.91234632092528,1.7723767561838,1.28541647782549,24
711,0.0224958932958543,0.881976553006098,1.68733652029186,1.57376487459987,25
712,0.344559565186501,0.558077637804672,0.384274460375309,0.420153304003179,85
713,0.00583478971384466,0.0103277654852718,1.9077873583883,0.173882692586631,97
714,0.473540799459442,0.42085111909546,0.988850904162973,0.485140774399042,59
715,0.926863794215024,0.583914382616058,0.800942611414939,0.503718371503055,40
716,0.937708378070965,0.204207580303773,1.73792458092794,1.91394736338407,91
717,0.556834698421881,0.549408774124458,1.80598048632964,0.655394779052585,27
718,0.306150031508878,0.317685869289562,1.20095211733133,0.244560177903622,44
719,0.229352083755657,0.642634955234826,0.0487600257620215,1.78430116875097,89
720,0.845253419363871,0.88681848347187,0.776770317927003,0.251904391683638,37
721,0.866469654254615,0.69494394143112,0.0438228147104383,0.595311491284519,41
722,0.628390806494281,0.351845234166831,1.9416143624112,0.913846025709063,69
723,0.164703490911052,0.516723172273487,1.30907801073045,1.78732239129022,71
724,0.919592620339245,0.885259927017614,1.73311554919928,0.058755119331181,70
725,0.191915069939569,0.587024805368856,1.89320875098929,1.02488742442802,99
726,0.81740468647331,0.700587659608573,0.201969454064965,0.684851279947907,98
727,0.697552653029561,0.758917256025597,1.81510613812134,1.32533507514745,65
728,0.693780328379944,0.250514502637088,1.45517521491274,0.530219202395529,19
729,0.236365118762478,0.544275169959292,1.54572017490864,1.66512078093365,71
730,0.850485899019986,0.646585629321635,1.72465886408463,1.29124429309741,81
731,0.0514841177500784,0.282215098151937,0.302489739377052,0.357495419215411,81
732,0.548955295467749,0.206934237387031,1.55101198982447,0.0637870146892965,87
733,0.102557348785922,0.757476386381313,0.816120179835707,0.65218684496358,73
734,0.549217829946429,0.57725198706612,0.693052865564823,0.524347884580493,23
735,0.578837567009032,0.91078379843384,1.43844137946144,0.145038709510118,45
736,0.0700961262919009,0.479652462992817,0.399639697279781,0.453316585160792,17
737,0.989873988786712,0.491628391901031,1.96292957430705,0.613782562315464,100
738,0.996148430975154,0.464265493443236,1.39911523833871,0.373375884722918,40
739,0.592854990391061,0.991218504495919,0.806464325170964,0.571723624132574,62
740,0.159122371347621,0.462702128104866,0.386512126773596,1.66276775300503,22
741,0.944758356781676,0.552078487584367,0.455201021861285,1.21937185898423,26
742,0.0712627277243882,0.560204894049093,0.282258588355035,1.90143033489585,24
743,0.0864056514110416,0.495655685896054,0.407957233954221,0.945976967457682,34
744,0.217696310020983,0.558574555674568,0.573956580366939,0.743506555445492,29
745,0.334903312381357,0.735954046715051,1.73256682930514,1.28229945898056,26
746,0.357865305384621,0.425876143854111,1.76807081280276,0.107886670622975,52
747,0.608038428472355,0.906168227316812,1.50810850504786,1.36511892266572,12
748,0.803775161039084,0.961770246038213,0.201393457595259,0.333368342835456,53
749,0.244339329190552,0.931978532811627,1.65287005202845,0.695256445556879,64
750,0.967659806134179,0.597458139294758,0.354753324761987,0.545415398664773,40
751,0.59059017826803,0.305459743598476,0.136597516480833,0.0767652913928032,24
752,0.866756713483483,0.883982683764771,0.813536809291691,0.540423768572509,24
753,0.627379872370511,0.0679959668777883,1.5113047468476,0.834315858781338,26
754,0.0427962639369071,0.114198880270123,1.99841909436509,1.26822705892846,21
755,0.58040087367408,0.713764997664839,1.84425920061767,0.296461966820061,87
756,0.451835833955556,0.172155917389318,1.11310847615823,0.772841485682875,35
757,0.417234174907207,0.0224887623917311,0.945290889125317,0.623995127156377,28
758,0.239545570453629,0.655061427038163,1.64475744636729,1.86167071247473,75
759,0.962123865727335,0.713353891856968,1.80123180663213,0.628191848751158,51
760,0.581583871040493,0.687806723406538,1.88620761781931,1.09512714250013,85
761,0.598571798065677,0.503193572862074,0.889357866719365,1.69507256848738,42
762,0.822415331378579,0.300504532177001,1.56592188635841,1.49510110775009,66
763,0.636968019651249,0.0790237225592136,1.87595751322806,1.97930763429031,80
764,0.576862345449626,0.917530120583251,0.0354919247329235,0.438735864590853,27
765,0.178595079574734,0.412230101181194,0.119204601272941,1.13060202589259,99
766,0.189571123337373,0.382862213999033,0.154330093879253,0.356024189386517,41
767,0.943707835394889,0.864942177198827,0.72714164480567,0.56261653220281,57
768,0.0168919856660068,0.587688060477376,1.03000352764502,0.545540045015514,89
769,0.358159311348572,0.293871673289686,1.82472503371537,0.14627505466342,63
770,0.904242462012917,0.463783537503332,0.72378494264558,0.35138672310859,23
771,0.642674794886261,0.623695457587019,0.890897355042398,1.22452156292275,54
772,0.685440021101385,0.443490770179778,1.71402897126973,1.87364592310041,91
773,0.057022379245609,0.469892190536484,1.69159473758191,0.131151826586574,20
774,0.582659180741757,0.339757116744295,1.40309603372589,0.00539489137008786,66
775,0.665662833722308,0.647187665104866,1.60362242721021,1.622018374037,39
776,0.21626444789581,0.601097875507548,0.296568583231419,0.934860314708203,90
777,0.754019979154691,0.565044115763158,1.9505229992792,0.189834749791771,34
778,0.0877169540617615,0.328132349066436,1.69652666756883,0.346907344181091,16
779,0.349317314103246,0.291189308743924,0.404663056600839,1.5728358021006,86
780,0.196322258329019,0.15332547808066,0.606416994240135,0.0982847339473665,55
781,0.787901908392087,0.729042035061866,0.585200452245772,1.3984080250375,35
782,0.8835526809562,0.805039525264874,1.82636182568967,0.322592640295625,37
783,0.227556546917185,0.740075699752197,1.59277780726552,1.44314628234133,94
784,0.0938542590010911,0.77355240797624,0.517680062446743,0.290258604567498,43
785,0.759489885764197,0.910938326036558,1.69132727803662,1.84058013278991,71
786,0.774643883574754,0.50854496541433,0.620772372465581,0.675748002715409,74
787,0.682400920428336,0.964496968779713,0.963148068170995,1.72257604217157,32
788,0.622324839467183,0.365867432206869,0.425411198753864,1.62825829768553,43
789,0.878876671427861,0.121643288526684,1.40367228072137,0.0115498770028353,57
790,0.290688150795177,0.802569850580767,1.64249067567289,1.04881069576368,38
791,0.796926121227443,0.382843236671761,1.01536704972386,1.87610566383228,82
792,0.259437926113605,0.785404835594818,1.09051748830825,1.2539657112211,92
793,0.291010226821527,0.120650729164481,1.90342739550397,0.0309454770758748,73
794,0.242247784743086,0.281819657655433,0.979230673518032,1.18574316799641,27
795,0.0445289565250278,0.195586149115115,1.81947508268058,0.126581958960742,31
796,0.775154305621982,0.993922559078783,0.205735856667161,1.12684674747288,90
797,0.0228242725133896,0.359867464052513,0.653587531298399,1.41539122909307,66
798,0.343535868218169,0.0609887156169862,0.967274342663586,0.44219318125397,41
799,0.529882163275033,0.84203332522884,0.524114178493619,1.69758882373571,67
800,0.707086160778999,0.628457150189206,0.851384208537638,1.35135474475101,69
801,0.197960887569934,0.69022335158661,1.26699034171179,0.723263350781053,26
802,0.435174586251378,0.276636393973604,1.45641554053873,1.15665474394336,11
803,0.138718144968152,0.182918306905776,0.595307782292366,0.253783042542636,82
804,0.197421065997332,0.387419120175764,0.741586920805275,0.279691704548895,52
805,0.453906725160778,0.295150046702474,0.795360243879259,0.157405536156148,95
806,0.355084762675688,0.758607822703198,0.607909865677357,1.66050911461934,23
807,0.673375133890659,0.358865128131583,0.716872287448496,0.44201478920877,90
808,0.481993225868791,0.885323483729735,1.40332897333428,0.468864504247904,49
809,0.117842138046399,0.501335322158411,0.166544476523995,1.80231936043128,74
810,0.730951233301312,0.629648966249079,0.624346125870943,1.8135430905968,47
811,0.563336192630231,0.614750530570745,1.84248918760568,0.623431215062737,49
812,0.159397090785205,0.780082267010584,0.88777629705146,1.40799332922325,18
813,0.592226326232776,0.764346914133057,0.961194355040789,1.07413318846375,93
814,0.408660191809759,0.768859772244468,0.0863410742022097,0.699730801861733,10
815,0.490826842142269,0.832501325989142,0.686863215174526,0.475286067463458,30
816,0.396229678299278,0.423347630072385,0.301227690652013,0.290432420093566,12
817,0.00524596078321338,0.336348574608564,1.79269960010424,1.48509662179276,22
818,0.299560173414648,0.527196869719774,0.154224037658423,0.749279118608683,83
819,0.224858765490353,0.225035708863288,0.490817135665566,0.548879250884056,42
820,0.297829926479608,0.63607858447358,1.5720835137181,0.769726355560124,19
821,0.00128291151486337,0.729901369893923,0.499712566379458,0.818628835026175,74
822,0.995072756195441,0.34613763471134,1.84778991062194,1.9724298925139,52
823,0.596655497094616,0.759443394141272,1.0581918777898,1.68074915464967,31
824,0.882997785462067,0.00365565717220306,0.429302984848619,1.97038636635989,68
825,0.195750621380284,0.261538506718352,0.380882241297513,0.241034851409495,99
826,0.466866267146543,0.553940980229527,0.318619729951024,0.293912188149989,79
827,0.293572993483394,0.354145914316177,0.649988583754748,1.6232696864754,63
828,0.818542261607945,0.518918853020296,0.517945250496268,1.92831436730921,87
829,0.352822151267901,0.996860104147345,0.289799638092518,1.29421125072986,63
830,0.675561353564262,0.955767268780619,1.55616783723235,0.0355001729913056,88
831,0.490426261676475,0.610950788948685,1.05357386497781,0.825059458147734,21
832,0.716830990742892,0.827988680684939,0.193884357344359,1.57380417361856,26
833,0.10987276234664,0.393330198014155,1.88367702951655,1.39269985817373,30
834,0.0510718352161348,0.487806201213971,0.88546451786533,0.0651249922811985,74
835,0.907021576538682,0.750952449860051,0.419776666443795,1.99522939091548,57
836,0.987906292779371,0.693120843498036,1.09420584281906,1.65743285510689,69
837,0.472694065887481,0.628871359396726,0.517852760851383,1.49972116434947,11
838,0.745445863809437,0.0663983742706478,1.95685175061226,1.84961326280609,97
839,0.122904257383198,0.0704579472076148,0.749391666147858,1.19108742102981,13
840,0.456933348206803,0.220191044965759,1.74500904465094,1.6653130040504,59
841,0.9202205974143,0.111629612743855,1.90604625409469,1.40636560507119,21
842,0.742658298928291,0.144688918720931,0.384166522882879,1.58418682590127,17
843,0.00747595634311438,0.728650104254484,0.090765958186239,1.14245085651055,81
844,0.232117471983656,0.133572859922424,1.67735636606812,1.96255136514083,36
845,0.791598626878113,0.304553918540478,0.0331838862039149,0.122882674448192,28
846,0.275768011109903,0.760570897487924,1.88061623368412,1.86288043484092,99
847,0.952119454275817,0.830134763382375,0.0612437692470849,0.26628671400249,67
848,0.324733392102644,0.975090279942378,1.30808930750936,0.263495408929884,87
849,0.982202800922096,0.555466524092481,0.570230519864708,0.442070076242089,75
850,0.771351100178435,0.417391875525936,1.35615624347702,1.91551415342838,87
851,0.954910693690181,0.351229824125767,1.12898417562246,0.178784340620041,82
852,0.414635569322854,0.063337066443637,1.30928707960993,0.106275425292552,27
853,0.45092896791175,0.724371827440336,1.38881199760363,1.47761975321919,65
854,0.736694707069546,0.706205611582845,1.3836495988071,0.0539418789558113,78
855,0.519075977150351,0.672300219535828,1.07907001161948,0.374093904159963,28
856,0.410101755987853,0.0340178632177413,0.932274464052171,0.0433624787256122,99
857,0.719632687047124,0.610413440270349,0.557234156876802,0.461513127665967,22
858,0.611007801489905,0.666022339602932,0.567872183397412,1.42115492327139,42
859,0.618981529958546,0.558019118616357,1.05962856439874,1.56818533688784,79
860,0.393865171587095,0.994221096858382,0.0774019956588745,0.90756462700665,72
861,0.918318253010511,0.496936616953462,1.96877657761797,1.7877030596137,80
862,0.357861884171143,0.217973025282845,1.35402094572783,0.30564981373027,62
863,0.0939682957250625,0.468849872238934,0.202906499616802,1.11142067797482,98
864,0.77790760807693,0.058158872416243,0.950348616112024,0.473239243030548,58
865,0.0911213550716639,0.0667081547435373,0.00686443829908967,0.898880229797214,13
866,0.900596755091101,0.518548836233094,1.6337841078639,0.986059677787125,50
867,0.40528010413982,0.314439662266523,1.94884456740692,0.461930158082396,78
868,0.769426848972216,0.728974484140053,0.226442574057728,1.23039818555117,54
869,0.66745498846285,0.408249673666432,1.32530142553151,1.99462847970426,85
870,0.454363871365786,0.244394285138696,1.91983150877059,1.88589496118948,57
871,0.0876647792756557,0.958107305690646,0.979410278145224,1.20902367029339,31
872,0.772318464238197,0.445913112722337,0.824915291275829,1.62601100420579,49
873,0.915045835077763,0.778720365138724,1.99067586753517,1.55165550531819,64
874,0.147374195046723,0.767018210375682,0.50685863243416,1.84921544138342,49
875,0.254082051804289,0.792992565082386,0.733891316689551,1.36734110862017,21
876,0.723470576107502,0.817382422741503,1.2937315297313,1.5572173059918,30
877,0.463378698797897,0.7318511439953,1.65222689462826,0.965805516112596,12
878,0.305613407865167,0.600993685889989,0.283130005002022,1.68934679729864,98
879,0.910332609433681,0.675204553408548,1.96666697505862,0.799611709080637,35
880,0.245463130064309,0.0688785433303565,1.40578268095851,1.91654334310442,88
881,0.0960787695366889,0.979973571142182,0.512741216924042,0.248822764959186,89
882,0.69748452026397,0.840733319986612,0.223586215171963,1.41042135236785,67
883,0.712894863449037,0.661324733868241,1.4607974877581,1.35499504860491,92
884,0.156411105766892,0.355078018736094,0.0454182252287865,1.86118390923366,43
885,0.0640333776827902,0.779048721306026,1.42955638701096,0.489246270153672,23
886,0.0535861530806869,0.27796740969643,1.74427629867569,0.371766346972436,42
887,0.872221544617787,0.994357814313844,1.08102315897122,0.855266093276441,35
888,0.697252018842846,0.120154447155073,1.88585325237364,0.697574317920953,84
889,0.605611475650221,0.74238137435168,0.93569544237107,1.75615329714492,97
890,0.286451480584219,0.424539417494088,1.9013002384454,1.82987610809505,42
891,0.542710067238659,0.174495978048071,0.529880467802286,0.615348185878247,40
892,0.891710801748559,0.724316124105826,1.40167004009709,0.956812897697091,34
893,0.275804331991822,0.621829399140552,1.41133082145825,0.623250043485314,67
894,0.85525011504069,0.671762357931584,0.0911880619823933,0.0585740930400789,62
895,0.794856331311166,0.752073114039376,0.403103722725064,0.0808824142441154,74
896,0.778085415950045,0.596452219411731,1.05939071672037,0.253492651041597,57
897,0.115614624461159,0.900388062465936,0.182129667606205,0.39181380905211,87
898,0.38996831420809,0.375718435039744,1.82314333086833,1.16974852792919,32
899,0.662652359111235,0.150163294514641,0.506605319213122,0.509857589844614,61
900,0.551198553526774,0.726248694583774,1.69345083180815,1.05801842734218,57
901,0.506027721101418,0.923027637414634,0.721183168701828,0.977819891180843,56
902,0.102186614880338,0.268374318955466,0.630861413199455,0.862585534807295,37
903,0.637281597126275,0.608016859041527,0.555256737396121,1.01525333942845,60
904,0.53376395534724,0.41705557401292,0.860010088421404,0.152028454467654,36
905,0.849266736302525,0.363492682110518,0.162046172656119,0.982530090492219,29
906,0.725917768664658,0.94990914943628,1.6383929150179,1.50179448723793,36
907,0.432319332845509,0.690487805055454,0.178069715853781,0.47828679298982,77
908,0.298184592043981,0.812737280037254,0.0562400408089161,1.98629707517102,21
909,0.865789554780349,0.351377726066858,0.649399373214692,1.51848268555477,33
910,0.567832362139598,0.558387842262164,0.159884095191956,0.0941651593893766,74
911,0.512441795319319,0.592425090260804,1.4904066263698,0.889437621925026,53
912,0.910744297318161,0.20643870648928,0.272315763868392,0.962963031604886,13
913,0.832271464169025,0.214553377823904,0.153928784653544,1.20181596605107,38
914,0.397210622904822,0.970622537424788,1.56512619089335,1.98782010003924,98
915,0.999027875252068,0.330326417228207,0.464744703378528,0.627340587321669,71
916,0.45598351652734,0.0988851983565837,1.23765923362225,1.34308163356036,76
917,0.099853954045102,0.0975578369107097,0.293373910244554,0.162525061052293,29
918,0.0138413477689028,0.431227165739983,1.80645734444261,0.350384584162384,47
919,0.646321679698303,0.70367697137408,1.48622262571007,1.34151569986716,86
920,0.600585518172011,0.961477000731975,0.8094746847637,1.5836241892539,77
921,0.259655502159148,0.721164026996121,1.93265085993335,0.144141667988151,29
922,0.513050720095634,0.53862256440334,1.21626595687121,0.12396307522431,99
923,0.955708761466667,0.497963685309514,1.62225344916806,1.18192584998906,39
924,0.448964173672721,0.0400167217012495,0.654712561983615,0.959287660196424,96
925,0.705695376964286,0.126269451109692,1.71398839633912,1.67564979987219,82
926,0.699575595092028,0.158621894661337,0.841023622080684,0.351484364364296,67
927,0.290018802741542,0.939068280626088,1.55393213732168,1.52438902156428,96
928,0.749134945450351,0.762509989086539,0.782811712939292,0.980562940239906,32
929,0.772810847265646,0.288166616111994,1.95476383669302,1.1271892641671,58
930,0.545882511883974,0.546060201944783,0.963055260945112,0.981984713580459,98
931,0.796859522117302,0.595944877946749,0.480470554437488,0.90150982234627,84
932,0.0913872222881764,0.137116289930418,1.80959453899413,0.206886326428503,53
933,0.599721024045721,0.0495905792340636,1.55813835235313,1.87834130460396,87
934,0.0606843202840537,0.914492939598858,1.70514969388023,1.49677598895505,81
935,0.672379405237734,0.210569829214364,0.854881823994219,1.03065944695845,66
936,0.0856130223255605,0.685948724858463,0.289894276764244,1.42434099735692,39
937,0.410947826923802,0.746386173879728,0.0996242668479681,0.110393760260195,30
938,0.969314783345908,0.275171811692417,1.38346044253558,0.479167512618005,32
939,0.0307456001173705,0.444831442320719,0.901548160240054,1.53041911032051,86
940,0.288738339208066,0.887796642957255,1.82985139777884,1.80056722834706,58
941,0.241485214326531,0.251634284388274,1.30019913520664,1.17761209094897,43
942,0.894259842345491,0.194686224451289,1.78760771267116,0.276263190433383,34
943,0.381403150502592,0.687416760949418,0.0717468555085361,1.63937283214182,30
944,0.902254011482,0.758814477361739,1.61479633720592,1.96660585375503,55
945,0.311465988634154,0.291891228640452,1.13779197493568,1.37248127162457,60
946,0.33039432996884,0.69344088435173,1.58708217041567,1.10143098887056,67
947,0.18603881332092,0.47931240289472,1.47905192710459,1.24783596768975,61
948,0.409188655903563,0.359832919901237,0.0777270463295281,0.636723923496902,90
949,0.722915274091065,0.467643976444378,1.12684510368854,0.811962998472154,27
950,0.581056770868599,0.237417298834771,1.77894696081057,0.359142787288874,64
951,0.0551560795865953,0.180536563042551,1.82148827239871,0.667879855725914,16
952,0.630202012136579,0.216120522003621,1.65189624670893,0.357142444700003,32
953,0.109168478520587,0.884489813586697,1.29463749285787,1.02937615569681,72
954,0.679696690291166,0.727267609676346,1.28431138908491,1.36745751835406,10
955,0.956639560405165,0.526256733108312,0.521457536611706,0.848397144582123,40
956,0.950707708485425,0.905317538650706,1.12210702896118,0.385478106793016,65
957,0.236193369375542,0.70411859662272,1.11875545512885,1.03836948610842,35
958,0.0534439345356077,0.575315464520827,1.19348196405917,0.797483293805271,58
959,0.91214957437478,0.217086714692414,1.67971185129136,1.95495776692405,98
960,0.41367555828765,0.762175304349512,1.32246642978862,1.88067569816485,55
961,0.776852785376832,0.321479349397123,1.55808486789465,1.70713490061462,44
962,0.365385446697474,0.817450712900609,1.24708305485547,0.6929826377891,66
963,0.540933410869911,0.499781935010105,0.262164995074272,1.91135924775153,37
964,0.425160289276391,0.588243891019374,1.74894604412839,1.48158868588507,62
965,0.214376674965024,0.801157503155991,1.45030028279871,0.813794590067118,36
966,0.29263694328256,0.541726507944986,1.55382138583809,1.89572484744713,90
967,0.399246868211776,0.894446820020676,0.468660868704319,0.793733282014728,86
968,0.935724498471245,0.609180278144777,1.23383631790057,0.710747632663697,58
969,0.438455160241574,0.279481171863154,1.20340680051595,1.38446256890893,29
970,0.568940333090723,0.692407408729196,1.12389180110767,1.12377838324755,77
971,0.740659039700404,0.778003694256768,0.235158308409154,0.52515938738361,25
972,0.875303835142404,0.213620470603928,0.166602814570069,0.507547475397587,32
973,0.903596785385162,0.465979795670137,0.272688094060868,1.2649666746147,85
974,0.33493442973122,0.184622830478474,1.5141450879164,1.49424162413925,60
975,0.690189958782867,0.624718748964369,0.820697836577892,0.43445876147598,46
976,0.993762139696628,0.122866756515577,1.87449215911329,0.982716320082545,77
977,0.660153134027496,0.781918699620292,0.0954415178857744,1.18364234082401,69
978,0.923525118501857,0.0727944765239954,0.237167304847389,0.989422977901995,95
979,0.73361679376103,0.702356648398563,1.53827372891828,1.32885309820995,18
980,0.900034904945642,0.938728967681527,1.49502177489921,1.80800283513963,45
981,0.449533397797495,0.206516869599,0.86853191209957,1.49075169954449,15
982,0.966562886256725,0.425384032307193,0.840349418576807,1.12159184599295,17
983,0.501316805137321,0.712796550011262,1.02573412191123,0.78334190743044,75
984,0.0988547531887889,0.991231084801257,1.28805094677955,0.978459170553833,22
985,0.936071990057826,0.281609971309081,1.79166726907715,0.714980655349791,81
986,0.371977898059413,0.0493992420379072,1.62207274604589,0.844985832925886,32
987,0.0975728274788707,0.517474794527516,0.0976849854923785,0.262968477327377,93
988,0.819498350378126,0.548063315218315,1.33965208893642,1.62949036667123,85
989,0.185836091404781,0.945386661216617,1.70440630894154,1.01417236076668,61
990,0.230691449483857,0.479693158296868,0.804443024564534,0.440925328992307,81
991,0.103492831345648,0.477639564080164,0.407102821394801,0.817733605392277,47
992,0.359047026606277,0.527975559933111,0.308053978718817,1.15284041967243,68
993,0.179117075167596,0.643889179453254,1.44480305211619,0.142559796571732,65
994,0.563675408251584,0.480522821191698,1.84129954874516,0.477947837207466,46
995,0.790855794912204,0.239139107987285,1.04368134588003,1.10368005512282,79
996,0.0478180970530957,0.30021947179921,1.90270830178633,0.51792803639546,94
997,0.839588886592537,0.865284951403737,1.76063351100311,1.9587181112729,93
998,0.849949034396559,0.974188948981464,1.43989725923166,1.18127985857427,17
999,0.833860293030739,0.487739490577951,0.838653671555221,1.71382401650771,26
1000,0.853096079314128,0.329473678721115,1.0024767764844,0.388735436834395,45
